Recall,Precision,FDR,F1
0.8862559241706162,0.9257425742574258,0.07425742574257425,0.9055690072639225
